transaccion_id,De,Para,Moneda,importe,tipo_transaccion,fecha_transaccion
2,"Sistema wallet","María García",CLP,50000.00,recarga,"2026/02/01 - 23:53:16"
3,"Juan Pérez","María García",USD,50.00,transferencia,"2026/02/01 - 23:53:16"
4,"María García","Juan Pérez",EUR,40.00,transferencia,"2026/02/01 - 23:53:16"
5,"Sistema wallet","Juan Pérez",USD,10.00,comision,"2026/02/01 - 23:53:16"
6,"Juan Pérez","Lucía Fernández",CLP,1460.05,transferencia,"2026/01/23 - 15:11:13"
7,"David González","Carlos López",EUR,262.16,transferencia,"2026/01/07 - 21:08:13"
8,"Lucía Fernández","Ana Martínez",CLP,1238.86,transferencia,"2025/12/08 - 16:04:13"
9,"Sistema wallet","Ana Martínez",EUR,1708.53,recarga,"2025/11/05 - 14:40:13"
10,"Carlos López","David González",CLP,271.71,transferencia,"2025/12/15 - 16:41:13"
11,"Sistema wallet","Ana Martínez",EUR,359.70,recarga,"2026/01/25 - 01:18:13"
12,"Sistema wallet","Lucía Fernández",EUR,847.10,recarga,"2026/01/05 - 16:00:13"
13,"Ana Martínez","David González",EUR,405.85,transferencia,"2025/12/30 - 16:16:13"
14,"Sistema wallet","David González",CLP,780.22,recarga,"2025/11/18 - 21:52:13"
15,"Lucía Fernández","María García",USD,1890.58,transferencia,"2025/12/31 - 22:35:13"
16,"María García","Juan Pérez",EUR,400.34,transferencia,"2026/01/02 - 18:54:13"
17,"María García","Ana Martínez",CLP,1147.95,transferencia,"2026/01/25 - 05:12:13"
18,"Sistema wallet","Ana Martínez",EUR,1991.75,recarga,"2026/01/29 - 17:32:13"
19,"Sistema wallet","Carlos López",EUR,562.51,recarga,"2026/01/19 - 00:17:13"
20,"Sistema wallet","Juan Pérez",CLP,1384.68,recarga,"2026/01/28 - 17:49:13"
21,"Carlos López","Juan Pérez",CLP,155.19,transferencia,"2025/11/25 - 07:48:13"
22,"María García","Ana Martínez",USD,145.03,transferencia,"2026/01/14 - 02:59:13"
23,"David González","Pedro Sánchez",USD,1461.76,transferencia,"2025/12/17 - 11:56:13"
24,"Carlos López","Pedro Sánchez",EUR,710.66,transferencia,"2026/01/13 - 22:05:13"
25,"Pedro Sánchez","Juan Pérez",EUR,1271.72,transferencia,"2025/12/18 - 06:53:13"
26,"Sistema wallet","David González",EUR,779.46,recarga,"2025/12/02 - 16:14:13"
27,"Lucía Fernández","Ana Martínez",CLP,1063.16,transferencia,"2025/12/07 - 09:43:13"
28,"Sistema wallet","Carlos López",EUR,380.73,recarga,"2026/01/30 - 08:47:13"
29,"Juan Pérez","David González",USD,523.74,transferencia,"2025/11/20 - 15:25:13"
30,"Carlos López","Lucía Fernández",CLP,906.60,transferencia,"2026/01/31 - 04:50:13"
31,"Juan Pérez","Carlos López",USD,355.01,transferencia,"2026/01/03 - 18:49:13"
32,"Ana Martínez","María García",EUR,1116.64,transferencia,"2026/01/29 - 08:53:13"
33,"María García","Ana Martínez",CLP,448.88,transferencia,"2026/01/08 - 04:46:13"
34,"Pedro Sánchez","Lucía Fernández",CLP,323.96,transferencia,"2025/11/12 - 20:58:13"
35,"David González","Carlos López",USD,307.62,transferencia,"2025/11/20 - 07:53:13"
36,"Sistema wallet","Juan Pérez",USD,1057.56,recarga,"2026/01/21 - 21:32:13"
37,"María García","David González",EUR,718.23,transferencia,"2025/12/29 - 02:25:13"
38,"Lucía Fernández","Pedro Sánchez",EUR,1901.86,transferencia,"2026/01/07 - 09:30:13"
39,"Sistema wallet","Juan Pérez",USD,1561.98,recarga,"2025/11/09 - 14:36:13"
40,"María García","Pedro Sánchez",EUR,1987.07,transferencia,"2025/11/08 - 04:31:13"
41,"Lucía Fernández","Juan Pérez",EUR,1825.91,transferencia,"2026/01/22 - 02:34:13"
42,"Juan Pérez","Carlos López",CLP,506.05,transferencia,"2026/01/04 - 02:13:13"
43,"Juan Pérez","Lucía Fernández",EUR,1292.50,transferencia,"2026/01/28 - 13:55:13"
44,"Juan Pérez","Lucía Fernández",USD,1419.06,transferencia,"2026/01/09 - 18:22:13"
45,"Carlos López","Lucía Fernández",CLP,1342.17,transferencia,"2026/01/10 - 15:58:13"
46,"Lucía Fernández","Pedro Sánchez",EUR,519.01,transferencia,"2025/11/21 - 16:36:13"
47,"Pedro Sánchez","Juan Pérez",USD,477.11,transferencia,"2025/11/20 - 12:59:13"
48,"Sistema wallet","Juan Pérez",EUR,1993.45,recarga,"2026/01/22 - 07:52:13"
49,"Sistema wallet","Juan Pérez",USD,104.31,recarga,"2026/01/08 - 18:21:13"
50,"David González","Pedro Sánchez",EUR,468.73,transferencia,"2025/12/12 - 19:24:13"
51,"David González","María García",USD,814.70,transferencia,"2025/12/08 - 02:04:13"
52,"Carlos López","Pedro Sánchez",EUR,1857.35,transferencia,"2025/11/16 - 09:19:13"
53,"Sistema wallet","David González",CLP,585.67,recarga,"2026/01/08 - 09:50:13"
54,"Ana Martínez","Lucía Fernández",EUR,1675.81,transferencia,"2026/01/01 - 16:18:13"
55,"Sistema wallet","Juan Pérez",USD,76.00,recarga,"2026/01/14 - 01:35:13"
56,"Juan Pérez","María García",USD,100.00,transferencia,"2026/02/03 - 03:07:04"
